heroId,kda,gpm,xpm,damageDealt,damageTaken,towerDamage,controlDuration,wardPlanted,wardDestroyed
spirit_breaker,10.0,652,815,20884,21888,853,13887,1,0
dragon_knight,16.5,597,731,26649,20018,11735,16511,1,1
monkey_king,33.0,698,804,22480,20474,14086,14403,0,1
rubick,3.25,381,556,17177,12973,373,8523,8,2
techies,3.5,372,477,22024,17112,1032,14565,10,6
ursa,1.11,559,567,15220,23611,0,5552,0,2
storm_spirit,6.0,597,799,27396,15943,740,1590,1,1
doom_bringer,1.08,500,505,18346,29974,189,3947,0,0
crystal_maiden,1.3,285,306,17087,21864,0,1634,2,2
silencer,1.42,245,324,14416,17822,0,1001,18,7
enchantress,1.86,323,302,13654,13562,1826,3357,9,1
death_prophet,1.5,417,440,20402,23206,596,4449,0,0
tusk,1.0,248,348,6829,21389,0,3081,5,0
muerta,2.67,564,692,29570,17216,3035,3414,0,1
legion_commander,2.14,457,527,19942,25324,95,9123,2,0
undying,3.78,412,410,11133,28513,800,2068,6,0
batrider,30.0,556,713,19801,12867,293,1986,1,3
dawnbreaker,4.43,553,618,24855,20678,2185,1935,0,0
troll_warlord,15.0,746,772,29151,17609,18852,6236,0,1
rubick,8.25,426,646,15757,10730,2553,835,10,10
silencer,7.67,369,450,12286,4024,302,203,7,1
visage,18.0,518,545,7428,5348,9299,746,0,0
death_prophet,22.0,667,596,21376,11896,7273,2834,1,3
tiny,13.0,380,472,11984,8572,589,1993,3,0
bloodseeker,22.0,731,759,22240,10477,2764,1324,0,0
spirit_breaker,0.62,253,308,7532,18831,0,7988,7,1
templar_assassin,0.5,441,509,8211,16352,463,12142,1,2
rubick,0.18,185,242,7528,16160,0,7604,4,1
dark_seer,1.25,338,380,10651,14086,0,8582,0,0
morphling,0.5,453,519,6395,9885,30,4171,0,0
rubick,2.0,350,331,34736,20388,0,1442,11,3
phantom_lancer,0.75,517,500,14889,23082,594,2159,0,0
dark_seer,1.67,399,427,33959,28571,0,2039,0,1
void_spirit,1.62,383,407,24548,29070,21,3272,2,1
undying,1.09,244,294,10254,23376,0,1448,9,4
morphling,21.0,745,818,29280,47153,25379,4173,1,0
shredder,14.0,678,730,49255,25103,1485,2213,2,0
primal_beast,8.33,429,617,18020,23358,3752,3672,0,1
snapfire,8.0,442,609,13932,8145,606,463,11,5
spirit_breaker,4.5,443,643,14000,14627,452,1414,7,4
templar_assassin,3.0,746,867,50507,21144,14065,11575,1,3
primal_beast,3.0,495,710,31191,44621,478,10407,0,0
rubick,2.4,311,567,19143,19716,27,3549,11,3
batrider,4.17,444,619,18483,31351,125,6470,12,4
queenofpain,9.33,697,817,66994,34947,5604,3506,1,0
snapfire,2.57,633,699,53516,37529,7157,15517,2,2
rattletrap,1.77,355,466,13465,36363,363,11016,20,4
shredder,6.67,620,699,23895,34081,3620,8550,0,2
dark_willow,2.0,305,451,14786,22146,392,4806,3,3
morphling,6.67,751,708,46117,56199,26220,13353,0,1
terrorblade,3.25,621,555,17878,23703,4771,4301,0,1
nevermore,3.17,486,602,31703,26087,0,5353,1,1
magnataur,2.43,532,673,20792,34369,0,9454,0,0
enchantress,1.75,329,376,20825,24205,1472,6007,8,2
disruptor,2.43,252,386,9247,13294,213,1888,8,6
batrider,3.38,416,634,22793,20531,0,3032,14,1
shredder,14.0,763,986,43811,29030,1179,6870,1,0
doom_bringer,2.43,652,665,16677,22642,843,5807,0,0
rubick,3.4,430,587,12214,10169,360,2333,4,3
abaddon,3.17,717,844,26163,18073,19914,4408,0,1
spirit_breaker,1.0,265,349,5076,15527,0,10806,4,0
drow_ranger,0.75,511,539,6783,7609,1158,883,0,0
batrider,1.33,406,489,9052,12482,64,5876,0,0
queenofpain,0.5,466,491,11819,13979,678,3695,2,1
pugna,1.0,221,256,12251,10349,180,418,6,3
venomancer,8.5,367,469,13472,4759,1159,1587,6,6
magnataur,15.0,480,607,5528,10337,116,4951,0,0
rubick,5.67,355,535,10221,7906,193,2928,7,1
phantom_lancer,13.0,692,652,11417,7888,9748,2533,0,0
void_spirit,18.0,613,721,19308,14091,2905,9630,1,0
faceless_void,11.5,748,837,20657,19933,8362,8345,0,0
windrunner,15.0,584,724,27739,9642,12029,7728,1,1
shredder,3.5,557,641,20755,23997,2107,12618,0,0
techies,13.5,360,612,27309,7857,3760,8389,7,6
witch_doctor,5.6,357,604,14689,16119,1132,8055,13,9
magnataur,1.5,432,500,7261,25847,2400,2508,1,0
rubick,1.86,266,374,15334,18376,23,1589,9,3
morphling,3.33,642,591,25901,24778,5946,3266,0,0
storm_spirit,6.0,458,511,17354,21909,167,3533,2,4
silencer,1.18,266,404,11698,20239,0,3954,8,4
rubick,8.0,332,647,14078,11315,347,538,5,3
ursa,4.75,692,793,38436,31134,11316,8169,0,0
monkey_king,9.0,672,793,55605,25702,20338,6722,2,0
doom_bringer,10.33,707,730,27655,21514,2319,4975,0,0
techies,4.38,408,586,32101,26263,1137,5393,17,11
pugna,1.67,350,390,22401,29261,4002,3142,10,6
antimage,1.5,754,840,31483,22278,7939,4437,1,2
earth_spirit,4.0,529,605,21290,43298,371,6139,2,0
lion,1.62,349,454,12431,28208,359,4289,10,4
shredder,2.12,529,493,28323,44830,1491,4247,0,0
puck,1.75,467,638,27599,20044,182,1467,2,0
phoenix,1.36,300,438,20250,14152,0,436,12,4
legion_commander,1.78,422,562,32560,33140,645,569,0,0
naga_siren,1.83,669,485,18858,27472,2093,617,0,1
techies,1.11,403,442,20748,14625,158,1305,4,2
leshrac,8.0,770,938,35951,31077,5013,5633,2,0
broodmother,7.67,723,927,23677,26373,10352,2244,0,0
spirit_breaker,3.5,402,609,12625,30501,91,5463,8,2
muerta,13.5,775,981,34865,17287,14541,1337,0,1
rubick,3.0,373,625,9241,14777,127,3628,7,6
silencer,1.33,285,439,13021,15683,0,4299,9,5
chaos_knight,1.12,497,578,20607,37973,427,17490,0,0
doom_bringer,1.8,662,567,16968,30330,0,10828,0,0
keeper_of_the_light,2.0,411,491,23319,19433,22,5482,10,2
ember_spirit,4.0,596,721,34854,24497,110,7364,0,0
morphling,11.5,923,843,48054,33190,22697,11426,1,1
pugna,8.33,381,493,21687,14612,3184,8897,12,3
underlord,12.0,563,789,24032,25962,7382,11043,0,0
bloodseeker,5.25,437,485,16701,21190,1205,12409,0,1
rubick,4.25,310,532,17442,13815,490,9160,6,1
silencer,3.5,343,444,12585,23419,155,2805,21,11
invoker,4.29,503,581,43385,29565,1941,5207,1,0
magnataur,2.78,488,713,25762,52126,2418,7960,0,1
rubick,3.0,320,502,18418,34852,147,3445,4,3
naga_siren,11.5,957,729,59149,38366,10187,6091,0,1
morphling,7.5,687,812,47511,31679,17702,15915,0,0
spirit_breaker,4.5,752,769,38190,52599,436,18844,0,1
storm_spirit,2.78,602,697,26295,35841,2134,16872,2,1
grimstroke,5.6,468,620,49919,19357,1372,10395,2,3
techies,1.25,334,508,16413,19823,836,12663,22,10
void_spirit,1.38,471,492,16604,29974,988,4561,2,0
underlord,1.0,411,388,16556,28562,287,8457,12,0
terrorblade,1.75,599,482,15153,22105,2897,3194,0,0
crystal_maiden,1.54,305,353,14731,24980,304,5083,6,2
monkey_king,2.33,357,438,13864,15165,0,4695,3,1
storm_spirit,7.2,638,662,28677,18149,2971,3986,2,0
beastmaster,7.4,549,680,22585,19979,5929,13961,0,0
rubick,7.0,526,573,22810,12936,1163,8953,3,0
bounty_hunter,4.57,534,500,11451,15611,1039,10000,9,6
drow_ranger,6.4,842,758,35263,10233,12319,6765,0,0
troll_warlord,0.4,526,717,10802,30863,2294,6484,0,0
rattletrap,1.14,292,324,14031,22180,0,7232,5,0
snapfire,0.38,272,340,6941,18404,48,2023,12,3
queenofpain,1.5,526,648,21999,26976,464,7044,2,0
dark_seer,3.5,453,501,12150,17965,53,8625,0,2
razor,18.0,637,703,25495,16552,13651,5758,0,0
sven,22.0,828,1012,41736,17613,10447,3929,0,0
silencer,3.25,296,403,10229,7532,500,2332,10,8
rubick,9.0,426,624,14715,7682,70,2692,8,1
pangolier,15.0,563,746,24213,16544,1495,13276,2,0
morphling,5.5,728,718,16177,30549,11511,14453,0,2
undying,1.44,285,464,7034,29887,0,6111,14,6
rubick,3.4,306,507,8798,14698,65,7370,5,3
earthshaker,2.33,500,565,21430,33887,692,6895,1,0
broodmother,2.5,601,769,15503,30005,4765,7500,0,1
templar_assassin,5.25,902,934,40970,4269,14642,1672,0,0
mars,7.0,530,707,19490,16910,1913,1810,0,0
ember_spirit,2.71,593,732,36110,18553,1452,2203,1,0
skywrath_mage,3.6,344,512,21619,12640,106,1444,17,5
grimstroke,3.14,491,549,20837,16570,3892,977,4,2
disruptor,2.09,259,356,8695,23954,0,1317,0,3
storm_spirit,2.8,494,575,34763,27815,700,1999,0,1
underlord,1.92,449,476,19518,32943,536,5685,0,0
rubick,5.2,343,430,20435,13262,106,1940,0,0
bloodseeker,5.25,781,906,36688,21553,1536,2574,0,0
undying,4.0,337,447,10726,26304,1238,7205,0,2
tusk,5.43,481,603,31561,31772,1650,11324,0,0
beastmaster,4.17,509,536,13214,24179,12054,5684,0,1
techies,3.22,401,444,26560,18492,1891,7089,0,1
drow_ranger,5.0,740,771,37466,19352,19000,6403,0,0
silencer,2.56,350,419,18958,17997,1375,3922,0,4
viper,4.0,652,678,32670,27320,5645,4411,0,3
beastmaster,3.8,596,749,22786,26648,4563,4972,0,0
bounty_hunter,2.5,370,375,6469,23451,0,5098,0,8
alchemist,4.8,918,798,43346,30900,5711,3096,0,0
templar_assassin,6.0,774,809,34399,20002,13547,20267,0,2
doom_bringer,3.43,682,686,24218,36268,526,19239,0,0
furion,5.0,726,756,28046,25833,12381,11279,0,1
rubick,4.0,406,573,18573,19166,178,12683,0,5
phoenix,2.18,429,618,21080,21426,198,18907,0,3
undying,3.5,311,473,6264,12218,494,238,9,4
shredder,18.0,765,915,43871,30772,1892,2575,1,0
drow_ranger,3.6,730,809,25460,15185,17458,2074,0,0
underlord,10.0,535,698,16163,23270,5354,1695,0,1
rubick,1.88,330,355,9234,14770,487,517,7,1
lina,2.0,581,619,35080,18591,348,3829,1,1
lycan,6.5,587,588,12437,18033,1282,3955,0,0
broodmother,1.0,556,667,16838,29696,3084,5313,0,0
spirit_breaker,2.2,332,469,10238,19991,28,3689,9,5
pugna,2.0,307,410,21622,14681,850,2567,7,2
techies,1.0,275,386,22139,15365,192,10730,9,0
void_spirit,2.0,510,587,23784,27617,2423,9670,0,1
shredder,1.29,465,535,26974,28954,65,19252,2,0
rubick,2.67,308,372,11481,9371,20,7308,7,3
magnataur,2.67,467,598,9250,24077,3465,8905,0,1
juggernaut,15.0,855,904,31988,27576,21075,3091,0,0
silencer,10.0,335,546,13310,6386,1151,245,14,5
phoenix,5.0,376,570,18569,10309,684,524,2,2
batrider,4.2,555,691,24067,24309,807,2947,2,1
spirit_breaker,4.2,569,659,17450,23902,1258,548,0,0
bloodseeker,4.6,648,870,48093,33380,2586,11523,0,0
tusk,3.67,444,551,28437,35511,0,6266,0,0
underlord,2.29,470,549,23164,32622,804,5739,0,2
mirana,4.4,384,516,15634,21214,338,3304,0,2
witch_doctor,1.83,339,476,21111,31802,247,5355,0,2
enchantress,3.33,362,501,26198,21186,1320,4280,0,8
pangolier,3.38,565,680,30802,27733,2642,11371,0,2
alchemist,15.5,1043,972,58018,39783,23004,6648,0,2
rubick,3.43,360,440,18394,15235,1089,3706,0,2
batrider,2.78,531,665,21117,32502,1586,11200,0,0
slark,17.0,575,722,37462,42598,1265,7094,0,2
mirana,5.75,616,755,43470,37754,1045,3888,1,0
disruptor,2.0,260,329,11921,25797,57,2551,19,6
pugna,1.73,262,354,19737,22776,384,2818,4,1
underlord,1.88,467,559,28603,35609,263,7619,12,1
oracle,6.5,274,353,6614,12302,131,3595,14,4
beastmaster,13.0,610,755,34685,33181,7428,10008,0,0
void_spirit,4.8,612,715,51840,31198,7647,8707,3,2
techies,1.38,361,440,37432,25311,605,5346,6,4
monkey_king,5.5,686,738,33963,39201,10935,17967,0,1
rattletrap,0.88,224,275,7351,20950,0,3978,9,1
lycan,4.0,525,635,10495,19662,0,2749,0,0
shredder,2.0,517,506,28884,26585,252,5545,0,0
storm_spirit,1.75,498,490,17492,23753,807,7212,1,0
pugna,1.0,237,298,13067,13562,1179,4503,4,4
shadow_demon,1.75,321,417,11555,15857,7,1591,11,8
leshrac,14.0,844,847,42148,20933,14056,2032,1,1
naga_siren,15.0,748,648,16414,19159,8796,1472,0,0
legion_commander,21.0,548,618,30164,12409,3108,812,0,0
wisp,5.75,312,501,4231,8931,506,670,3,0
faceless_void,3.5,599,729,16981,26788,0,3418,0,0
pangolier,2.8,528,611,25058,24914,391,3652,1,2
doom_bringer,2.5,666,676,15040,32746,0,5635,0,0
pugna,1.18,322,362,21184,24036,1799,6191,6,3
silencer,1.5,268,389,14697,16398,41,1391,12,4
medusa,8.5,773,846,25168,1725,13950,6242,1,1
bounty_hunter,6.0,585,605,30662,28760,720,10847,1,1
shadow_demon,3.75,376,466,19574,15361,3026,4875,13,6
batrider,3.0,481,517,18489,24961,0,10648,4,2
void_spirit,12.5,605,770,30989,22153,3041,7977,0,1
snapfire,2.0,249,301,13369,11335,0,235,5,7
bloodseeker,1.0,501,549,19734,18774,374,2454,1,0
doom_bringer,0.6,521,461,7725,17590,0,2104,0,0
pugna,2.0,257,305,17294,8326,510,1325,7,4
queenofpain,1.25,433,511,17420,15385,94,2737,1,0
tiny,15.0,553,677,15216,22586,5853,14966,2,1
rubick,3.0,333,392,10638,7616,1332,3054,4,0
shredder,5.0,591,656,20891,25869,791,11425,0,0
shadow_demon,4.0,352,394,11572,7269,228,1245,7,6
juggernaut,13.0,736,799,13093,12202,12315,5128,1,1
dragon_knight,1.11,407,433,16688,35190,3171,5280,2,0
antimage,2.0,656,824,14568,22703,1063,2772,0,1
tidehunter,1.22,408,430,15579,30263,482,4334,0,0
techies,1.0,307,306,22699,15337,0,1890,14,6
mirana,0.9,265,363,10734,16947,35,2829,3,2
storm_spirit,7.5,534,659,20505,23410,1691,635,1,1
rubick,16.5,389,587,17282,11165,145,925,7,4
spirit_breaker,8.67,497,582,13573,18301,62,1139,0,0
terrorblade,27.0,852,701,46946,17458,28122,1517,0,1
pugna,6.6,413,589,22134,9934,3114,666,11,8
skeleton_king,0.56,414,476,11674,27182,1936,2830,0,0
ember_spirit,1.86,530,546,36504,24640,713,3822,2,1
doom_bringer,0.4,423,317,8242,23354,206,1726,0,0
silencer,1.33,255,282,10609,14924,0,775,4,0
undying,1.22,207,282,6013,21505,189,1993,5,1
luna,8.0,846,820,28386,12768,14524,9290,0,1
tidehunter,30.0,577,671,18966,17176,5914,5757,0,1
storm_spirit,17.5,709,921,34000,16799,2018,9798,1,0
spirit_breaker,4.17,343,397,10839,15793,0,6265,5,0
pugna,9.33,364,488,19414,10506,2984,7637,7,0
chen,2.4,329,311,3888,10764,1080,1947,3,5
pangolier,1.0,389,425,17760,14342,236,558,0,1
monkey_king,3.67,454,497,14778,14303,863,2727,0,0
pugna,2.4,245,306,16216,9994,1412,1148,15,7
templar_assassin,3.0,603,737,18722,10523,415,900,1,0
witch_doctor,1.5,290,477,6187,19700,528,2627,7,5
sven,17.0,768,879,15745,17165,12875,3803,0,0
marci,5.0,495,612,13952,14183,5918,3986,2,1
doom_bringer,5.0,815,827,16038,14974,576,6122,0,2
shadow_demon,8.0,357,460,8004,5342,595,854,10,3
oracle,3.0,226,344,9831,12785,0,2360,9,3
dawnbreaker,1.33,496,605,19243,27358,0,5837,0,0
visage,0.86,393,474,13430,23828,1502,2814,0,2
spirit_breaker,0.88,243,351,5096,26025,87,3219,8,5
batrider,1.0,504,560,18619,30574,0,4209,3,2
medusa,22.0,487,708,12970,1362,4107,7693,10,2
underlord,6.67,586,737,13917,16680,5071,4880,0,0
pugna,9.0,407,645,21503,12139,1646,4477,8,2
slark,21.0,627,777,20568,16229,12357,4235,0,3
storm_spirit,9.67,749,826,51612,19809,5269,10321,2,0
windrunner,23.0,661,632,26123,11730,5386,10844,2,0
vengefulspirit,6.0,369,450,8650,9096,3735,3466,3,1
phoenix,10.5,372,476,15004,6466,720,2731,8,5
beastmaster,11.5,597,598,12547,8793,12302,3569,0,1
magnataur,24.0,827,887,22289,10519,12945,2725,0,1
terrorblade,1.17,598,471,9754,15897,522,849,0,1
queenofpain,2.25,376,366,12203,17044,130,2176,2,0
doom_bringer,2.33,739,661,10462,15038,210,2103,0,0
pugna,0.5,212,244,9532,13458,1483,643,8,2
undying,0.73,255,263,5160,23176,0,1638,3,1
magnataur,1.83,627,789,23224,28420,0,6668,0,0
doom_bringer,1.5,447,370,8185,19467,53,13220,0,0
puck,11.0,549,711,20585,17413,391,5222,2,1
rubick,3.67,291,370,12055,11008,265,4335,7,1
disruptor,1.67,250,275,4515,13045,0,1656,6,3
bloodseeker,5.5,622,658,18797,21786,7713,8058,0,0
ember_spirit,6.0,569,627,21368,14968,7054,6620,2,0
beastmaster,8.5,526,628,11105,14522,5145,5653,0,1
pugna,3.8,338,415,18713,8749,5769,4338,6,4
venomancer,3.0,412,372,19370,8539,3476,2748,8,5
terrorblade,1.0,614,498,7186,19688,2298,1476,0,0
skywrath_mage,3.0,257,320,10875,12485,0,651,5,0
undying,2.17,318,336,8542,13368,41,1312,7,5
void_spirit,1.67,384,483,9868,18522,73,3359,2,0
mars,1.67,379,420,6176,18896,45,1362,0,0
pugna,3.0,318,454,14476,10237,2305,4652,10,2
windrunner,5.25,571,608,23504,12722,3153,6281,2,1
enigma,9.0,576,668,10094,3430,9813,3499,0,0
doom_bringer,4.0,541,608,13973,12366,509,4271,3,0
furion,22.0,846,937,20912,3892,7141,2096,0,0
rubick,1.0,300,293,10255,20768,0,6781,4,2
undying,0.65,264,231,5980,30157,0,4756,6,0
nyx_assassin,1.22,375,521,12097,21112,0,6489,0,0
ember_spirit,1.75,488,574,27038,27158,0,8815,1,0
slark,0.64,393,352,5282,20677,493,4878,0,0
terrorblade,9.0,751,739,20482,11653,18651,985,0,1
storm_spirit,7.5,633,642,21628,15264,2642,3550,2,1
bloodseeker,20.0,779,919,37559,9724,1214,2508,0,0
pugna,5.0,493,524,26102,10917,5469,1361,7,4
rattletrap,6.6,340,365,14101,13094,128,1422,3,2
witch_doctor,2.71,362,456,13315,32456,99,2643,15,2
huskar,2.12,589,832,33835,28695,8954,3950,2,2
faceless_void,3.8,575,646,21553,33879,9609,6120,0,0
pugna,2.44,370,526,36994,17815,5130,2507,6,2
shredder,4.8,666,814,55793,52297,3912,11593,0,0
oracle,2.78,342,502,16072,23469,0,1371,10,2
juggernaut,5.5,851,833,59108,33265,18588,3032,1,0
magnataur,2.83,563,706,17148,36654,5478,2012,0,1
mirana,3.5,396,575,23729,26306,155,2079,10,8
void_spirit,3.67,659,714,49085,41796,7539,4001,2,1
magnataur,5.0,566,707,27955,46007,114,20075,0,1
void_spirit,6.75,511,685,46812,32883,161,12674,2,0
pugna,2.38,307,380,26847,17322,997,7448,20,4
terrorblade,2.62,720,522,35189,41621,5952,19422,0,2
keeper_of_the_light,3.29,371,487,25901,25676,141,7982,3,0
batrider,2.67,537,623,38209,33663,696,5296,0,0
underlord,3.14,608,683,35164,42198,9587,10877,14,1
rubick,1.8,315,401,11714,27101,229,3987,9,3
lich,2.0,306,368,16724,16773,1018,1491,31,6
faceless_void,13.5,882,924,61698,42969,17968,11798,1,0
silencer,4.22,375,587,25136,30944,0,2728,31,15
spirit_breaker,12.25,687,775,30977,52525,44,7385,6,3
doom_bringer,9.8,612,693,47816,51283,1533,8447,0,0
bloodseeker,6.5,835,818,113906,56602,16712,10830,0,0
pangolier,4.5,637,718,52525,58942,3387,9661,1,1
pugna,2.0,437,498,37665,37497,4333,29114,19,11
storm_spirit,8.0,643,627,59249,44163,4442,32104,2,5
dark_seer,2.64,511,537,50376,44316,12326,25343,0,2
rattletrap,1.78,390,476,32932,69307,644,34150,15,8
terrorblade,2.55,893,538,70074,75077,13839,27887,0,4
spirit_breaker,0.79,301,389,9758,29950,0,3645,9,4
snapfire,2.33,541,610,21709,14940,1037,2162,1,0
beastmaster,0.71,416,428,11087,16213,6161,1277,1,0
morphling,2.67,556,582,15383,22885,3807,5974,0,0
pugna,0.71,312,360,15334,15189,952,1242,4,1
void_spirit,24.0,775,905,31913,16777,14991,200,0,0
magnataur,23.0,543,715,16132,18701,1882,325,0,0
pangolier,8.0,648,671,26900,16954,4247,953,2,0
enchantress,8.33,392,607,15432,11591,4046,600,9,1
shadow_demon,4.4,353,496,8800,9248,156,387,5,4
mars,21.0,523,535,19371,13865,2051,869,0,0
underlord,16.0,557,633,11017,10062,6410,2030,1,1
lion,4.0,265,350,5267,10423,702,1687,5,2
undying,9.0,306,374,5177,12854,779,2040,9,4
medusa,15.0,849,753,14742,934,17645,3267,0,0
pangolier,1.0,456,522,11005,9988,258,2807,0,0
void_spirit,2.5,437,445,8975,13930,496,3813,2,0
pugna,0.5,192,263,9940,10936,839,1981,8,7
phantom_lancer,0.25,503,561,8779,11868,55,2158,0,0
techies,0.83,241,242,9439,8852,144,2292,3,0
monkey_king,5.75,665,881,30426,29052,5098,7345,0,1
snapfire,3.4,584,733,41776,29510,185,5392,1,1
beastmaster,5.0,568,744,13130,24288,1061,3609,0,1
shadow_demon,4.5,273,421,14241,18729,647,1753,3,6
disruptor,3.29,310,467,6526,18631,0,3768,20,1
void_spirit,4.0,579,802,36797,29462,3421,6690,1,1
medusa,3.75,788,700,21135,2596,16011,8524,0,1
shredder,4.6,546,742,31142,43386,1141,6631,0,0
pugna,1.67,354,484,13822,14952,2002,3022,14,6
winter_wyvern,1.4,351,517,17355,15703,285,342,8,9
storm_spirit,1.22,459,508,21991,26178,189,7595,1,0
silencer,0.71,244,306,13662,17664,0,3198,8,4
bristleback,1.4,569,678,31747,28939,1830,7787,0,1
pugna,1.12,302,419,15847,20475,300,3984,7,3
doom_bringer,0.33,563,453,14906,34312,730,7939,0,0
oracle,3.17,312,489,6379,13133,207,4654,14,2
void_spirit,10.33,664,700,42863,30156,4811,13447,2,1
legion_commander,28.0,623,698,30833,28268,8858,10195,0,1
rubick,8.33,406,526,24712,12184,1574,8549,1,2
naga_siren,21.0,837,802,22781,14412,6984,6007,0,0
crystal_maiden,0.67,310,408,11059,20583,0,4609,13,5
naga_siren,2.25,721,614,20828,54598,254,14576,1,0
invoker,0.88,408,509,13172,26615,811,6346,2,1
rubick,1.1,322,415,23372,22278,0,4250,2,0
magnataur,0.75,457,502,19089,47762,562,8833,0,0
pugna,7.5,410,656,19796,10139,5488,2383,12,3
void_spirit,7.5,767,919,55818,30776,13437,8242,1,0
winter_wyvern,9.33,633,797,40748,13481,4690,5476,0,0
techies,7.33,513,677,20290,12060,1471,3874,6,4
puck,13.0,724,910,35313,21064,1495,7871,1,0
abaddon,8.0,717,846,26665,21367,10328,8409,0,1
queenofpain,25.0,689,824,41925,16030,3827,9119,2,1
beastmaster,10.0,532,750,21668,17020,5829,10334,0,0
oracle,3.0,280,421,6238,11692,329,3323,11,3
rubick,2.0,340,486,12625,16416,308,7572,7,6
void_spirit,3.5,665,822,33099,28698,4117,8388,0,0
magnataur,1.4,413,515,5877,25603,888,5265,0,0
pangolier,2.14,559,692,22954,28058,357,13091,2,0
silencer,1.57,264,391,9899,13954,132,2595,10,6
phoenix,1.67,261,346,10696,10335,24,4074,9,1
kunkka,2.0,457,587,20809,30900,225,11661,2,0
medusa,3.25,699,797,25023,6550,376,6840,0,0
enchantress,0.7,223,282,9804,20347,1554,9267,2,1
pangolier,1.44,403,410,18866,25084,65,10731,0,1
pugna,1.0,269,354,13937,20804,879,10081,14,10
magnataur,4.0,529,695,7253,22809,1478,3924,0,1
storm_spirit,35.0,696,831,33643,14826,2072,3606,1,2
faceless_void,10.67,801,917,30880,23895,7854,5984,0,0
silencer,6.0,346,570,14187,11220,226,1889,13,8
nyx_assassin,5.6,334,602,17722,15689,362,3886,3,1
wisp,6.0,308,487,2895,7479,1018,5869,9,6
visage,2.5,540,504,10221,10398,14757,14014,0,1
leshrac,5.25,734,686,34598,26637,7508,19343,0,2
tusk,3.29,362,477,11338,18738,220,10305,10,4
dragon_knight,5.5,729,875,29294,26466,9344,15853,0,0
faceless_void,5.25,540,615,19603,18589,0,5843,0,0
invoker,4.75,613,625,19172,18929,1616,4595,2,3
silencer,1.82,251,365,11174,16655,120,2373,7,3
winter_wyvern,3.25,431,577,25030,15048,187,2004,0,0
primal_beast,4.75,331,415,14767,19125,0,3616,7,1
silencer,1.8,293,378,14004,17745,120,3343,12,2
lycan,4.0,631,720,33552,26645,3352,4945,0,0
puck,2.14,569,694,24247,17455,1783,4153,2,0
rattletrap,1.73,327,351,17795,27043,0,8765,2,0
batrider,1.0,501,553,21206,22340,0,6502,0,1
bounty_hunter,5.0,496,535,8878,19317,505,10414,4,1
queenofpain,8.75,714,799,39120,26027,5339,13187,1,0
shadow_demon,3.5,384,555,16107,16004,2890,7669,11,8
abaddon,14.5,689,723,28083,21876,17137,13485,0,0
spirit_breaker,9.67,638,746,19040,27580,1676,8169,0,0
medusa,20.0,867,940,28800,982,18592,5951,0,0
batrider,5.4,435,655,19890,12975,247,2489,6,1
silencer,3.14,328,521,14137,9445,311,3830,10,7
queenofpain,20.0,649,842,39034,13625,2513,2691,2,0
doom_bringer,5.67,705,706,20384,16816,451,4030,0,0
ursa,2.2,543,595,12230,20187,1111,9625,0,0
dragon_knight,0.75,505,566,15527,30761,1951,21989,1,0
undying,0.42,232,329,3684,28661,0,12538,8,0
shadow_demon,1.0,324,379,14627,21059,188,10929,8,6
magnataur,2.5,541,663,7775,21577,3036,9960,0,1
bristleback,7.5,775,896,17063,17277,18154,543,0,0
ember_spirit,14.5,655,810,32119,14735,4601,1924,2,0
spirit_breaker,9.0,511,698,16838,20919,3139,4110,0,1
silencer,7.33,333,458,6899,6640,939,2505,13,9
skywrath_mage,7.67,375,460,14740,11479,278,280,3,0
batrider,2.0,330,405,9583,14526,0,9350,4,3
beastmaster,1.17,345,525,6645,17766,649,7149,0,2
pugna,1.38,238,320,13612,12998,886,8164,11,4
pangolier,0.82,426,530,18290,23196,286,10411,2,0
sven,5.0,614,700,22920,19173,468,8037,0,0
silencer,11.67,410,613,24997,20677,910,3901,23,11
spirit_breaker,6.33,591,681,41314,44801,928,12924,8,0
snapfire,5.14,657,652,66624,34637,13874,4839,0,0
leshrac,4.56,826,740,82128,66253,14044,15547,0,0
chaos_knight,4.43,785,701,71064,52672,6168,10712,0,0
undying,2.5,452,543,22235,70167,377,20519,26,7
naga_siren,2.78,838,681,48384,83205,15867,23541,0,1
techies,2.6,469,643,71945,31875,2302,12623,2,5
death_prophet,2.7,523,643,52594,58840,1253,15491,1,0
beastmaster,1.9,523,558,23882,42040,2684,18093,0,1
ember_spirit,8.25,577,784,74490,45808,2856,30744,2,1
batrider,2.21,490,678,43147,62220,237,18561,0,1
medusa,3.71,715,719,64897,15814,25655,19997,0,1
rubick,3.5,370,511,22082,27503,223,8435,18,4
bounty_hunter,2.0,342,572,13928,46072,75,20073,7,1
silencer,4.0,424,640,21329,30021,1006,9420,16,10
juggernaut,3.56,767,774,55689,58465,14214,18363,0,1
queenofpain,5.67,698,768,61803,51060,5630,10812,2,0
techies,3.0,458,609,31328,33619,3140,8912,8,5
spirit_breaker,3.3,711,739,27268,45379,1341,9085,0,0
silencer,1.25,280,315,18600,19366,0,7692,0,3
muerta,3.5,674,709,33541,21389,2868,4119,0,0
centaur,2.0,380,460,20076,27501,328,4727,0,0
ember_spirit,2.17,576,609,31105,27114,50,2655,0,0
mirana,1.44,255,343,12135,16796,573,3821,0,4
bounty_hunter,3.29,392,444,9490,20173,704,9511,0,4
shredder,5.5,636,738,33704,30654,2759,26764,0,0
lycan,22.0,712,663,13451,16225,19772,11099,0,2
alchemist,16.5,968,913,46354,29940,8948,9147,0,0
bane,2.33,325,385,9167,18465,0,7043,0,4
sven,6.67,864,896,34973,30121,29084,10470,0,0
storm_spirit,6.67,637,795,29473,19270,325,13324,3,1
dark_willow,2.43,377,567,12495,16418,298,7584,15,2
windrunner,2.33,519,767,24388,23844,4615,10366,0,2
nyx_assassin,2.89,471,785,28015,21649,59,11501,2,2
legion_commander,2.62,533,659,26895,28432,503,2916,0,1
tiny,4.17,475,797,26659,35416,0,10362,2,4
silencer,2.67,317,543,9717,15203,0,2571,18,10
juggernaut,3.8,712,897,32305,29095,1883,5720,0,0
batrider,2.0,396,609,15726,21198,0,3416,1,0
faceless_void,17.0,679,851,11931,14593,3140,2727,0,0
doom_bringer,4.8,438,570,16530,14788,29,6131,5,1
silencer,3.0,276,364,10776,9588,0,2871,9,5
ember_spirit,13.0,708,918,35271,12401,1396,3461,2,0
dark_seer,5.2,531,597,16201,14133,1011,8738,0,1
pangolier,1.33,529,619,17869,20738,534,5304,2,0
terrorblade,1.0,568,481,12543,24249,2301,6730,0,0
crystal_maiden,2.0,223,314,8204,14231,193,5256,7,2
rubick,2.14,300,368,14059,15789,202,8344,6,2
tidehunter,6.0,456,523,12828,15702,719,4745,0,0
batrider,2.69,427,612,21860,32420,728,14434,10,3
pangolier,5.67,631,764,65422,32668,3283,13370,1,0
brewmaster,9.0,536,638,41337,27272,7436,12250,0,5
morphling,8.0,788,814,45589,43728,16668,12613,2,1
spirit_breaker,5.14,569,689,25181,33193,761,16378,12,4
terrorblade,2.43,767,682,36077,40570,8138,6253,0,1
storm_spirit,4.25,668,800,47551,49496,1552,10283,1,1
dark_seer,2.4,499,597,40757,53833,147,6892,0,2
silencer,2.17,298,488,14497,27015,0,4614,15,3
pugna,2.27,306,523,30399,28475,769,3945,9,4
arc_warden,3.2,542,506,21546,12255,9106,1653,1,0
silencer,5.5,403,458,8477,8134,334,2792,9,3
magnataur,8.0,575,688,16293,11653,1554,8079,0,0
techies,4.75,430,511,13037,7143,1808,9184,2,3
windrunner,18.0,634,648,15527,4603,11660,6258,0,1
dragon_knight,0.67,460,496,3752,16242,0,2270,0,0
venomancer,0.44,254,288,9899,12822,276,3680,4,2
doom_bringer,0.5,475,405,4383,13706,268,5742,0,0
skywrath_mage,1.0,233,302,9495,11157,0,4067,5,2
primal_beast,1.71,486,501,16259,20953,486,7427,2,0
pugna,1.0,214,315,11366,7695,1942,3395,10,1
legion_commander,1.0,408,448,12599,17228,802,10671,0,0
storm_spirit,1.75,459,534,7023,15886,286,10295,2,0
venomancer,1.17,347,358,14913,11014,969,8683,2,5
morphling,0.75,571,677,6726,12223,0,3643,0,1
antimage,16.0,599,683,14384,10111,1333,2826,1,0
windrunner,5.67,509,573,14861,15332,777,4607,2,0
silencer,10.5,305,460,9629,6472,0,5105,9,5
magnataur,13.0,589,774,14418,10471,224,7199,0,0
batrider,7.5,390,511,10754,10241,0,2759,2,1
techies,6.0,436,588,21876,13307,2551,5148,5,2
batrider,4.75,530,675,14088,18502,179,9651,0,0
pangolier,8.5,503,650,12171,14094,153,4022,2,2
medusa,16.0,855,737,34721,1458,20472,10349,0,0
silencer,3.8,288,478,11870,8674,97,2563,11,4
templar_assassin,1.5,490,575,11723,17015,2360,9730,2,2
doom_bringer,0.55,366,436,7803,23424,0,9817,12,1
windrunner,3.0,470,555,8263,22885,695,11926,0,0
bloodseeker,1.67,602,648,15063,20672,343,7746,0,0
rubick,2.75,310,421,13183,10730,0,3719,3,3
alchemist,5.4,887,907,43338,62747,12349,17439,0,0
storm_spirit,6.17,647,773,62512,30335,4503,17551,1,4
viper,6.17,585,678,46962,30631,4288,13328,0,4
spirit_breaker,5.38,524,706,19499,37230,1699,14668,8,5
pugna,4.62,401,634,30698,25627,1780,12483,17,6
tidehunter,5.0,443,536,27966,37972,1575,7175,0,0
pangolier,1.75,475,615,44298,45698,270,14581,0,1
rubick,3.11,329,432,29031,32860,67,5592,6,0
silencer,2.36,319,403,20365,22841,0,8831,17,6
juggernaut,2.56,739,860,64910,63638,9088,10436,1,1
dragon_knight,27.0,789,824,29697,25844,19285,2619,0,0
queenofpain,14.0,678,818,44490,25388,3668,2036,2,1
beastmaster,4.8,544,593,22283,22739,4367,1508,0,0
keeper_of_the_light,8.33,440,588,12474,12561,843,749,5,2
silencer,4.33,402,560,20577,18978,1893,1826,7,2
juggernaut,2.0,549,568,18573,22985,1660,10147,1,0
pugna,2.0,287,404,21953,24833,1049,15830,5,5
shredder,1.57,435,508,20062,34268,0,15179,0,0
techies,0.58,266,253,21110,19864,88,9742,5,1
void_spirit,1.25,445,496,23812,27571,0,17766,2,1
abaddon,11.0,756,765,21134,19039,15878,6022,1,0
windrunner,9.0,550,630,15061,16789,4573,6439,0,0
magnataur,12.0,546,622,7962,12768,1256,8735,0,0
techies,15.0,378,502,17930,9789,1181,7989,9,9
venomancer,2.67,387,415,19194,16608,552,7544,9,5
monkey_king,1.25,519,657,10605,14320,0,3457,0,0
ember_spirit,5.0,489,613,25242,20625,539,9901,0,0
beastmaster,1.5,508,628,15689,19501,315,8164,0,1
rubick,2.0,301,347,11609,11342,49,4973,5,1
silencer,0.7,208,292,11848,15493,0,2656,15,6
silencer,18.0,304,330,8520,3387,751,397,6,2
snapfire,7.5,438,420,12378,4767,687,91,0,0
bloodseeker,12.0,600,702,9779,4504,1283,1220,0,0
tusk,2.2,229,270,5344,11134,420,620,3,1
ember_spirit,16.0,619,656,19301,6857,2396,1788,2,0
antimage,1.0,436,492,5165,10981,128,4485,0,0
leshrac,0.5,443,503,6549,13268,0,4197,2,0
mirana,1.33,220,179,4253,6333,0,3456,4,3
rattletrap,1.4,229,288,7035,13481,0,7551,4,1
visage,0.71,346,372,7647,11259,314,8480,0,0
earth_spirit,1.93,377,567,16485,30590,847,23602,6,1
monkey_king,22.0,672,801,41265,23537,8743,14304,0,1
crystal_maiden,2.7,364,522,15542,18203,282,17085,8,3
pangolier,5.4,648,820,25585,18996,2792,28041,4,1
dark_seer,8.0,558,753,27213,14952,2146,16763,1,0
queenofpain,4.0,539,630,33793,31239,556,13033,2,1
terrorblade,2.0,671,558,22086,30027,5468,8689,0,2
skywrath_mage,2.5,310,433,17064,24503,152,9935,8,4
underlord,2.5,359,406,16559,21616,97,8118,0,0
silencer,3.22,299,455,16776,18705,0,7715,9,5
storm_spirit,2.0,509,539,32612,34324,852,16528,0,2
life_stealer,1.5,441,437,24903,45892,1257,21522,0,2
omniknight,1.5,320,377,14630,37799,714,16687,0,0
crystal_maiden,1.0,249,235,14217,25989,146,16570,8,5
pugna,2.0,276,303,20005,22469,994,17656,14,8
underlord,27.0,477,596,38376,25074,691,7728,23,0
dragon_knight,7.25,580,705,33561,39781,14810,12571,2,1
silencer,15.0,349,398,19286,6415,254,3213,18,5
sven,7.0,818,824,42120,26049,8164,9856,0,1
keeper_of_the_light,27.0,372,503,33130,9048,334,4031,1,2
monkey_king,2.33,456,535,24138,26759,573,6764,0,1
storm_spirit,2.17,527,459,20746,21421,1097,9817,2,1
venomancer,3.0,451,357,22327,14022,798,6867,0,2
crystal_maiden,4.75,294,313,11343,12759,0,5767,13,7
wisp,1.5,188,299,3472,17974,291,4246,2,0
slardar,2.5,585,619,14531,18513,2718,19199,0,0
puck,6.25,760,972,33768,22382,3864,11116,2,0
doom_bringer,7.0,673,633,17760,17062,446,8747,0,0
skywrath_mage,4.4,374,455,16338,11391,850,4213,10,5
chen,4.6,384,428,10538,12678,2243,10445,4,4
alchemist,14.0,932,852,13895,11230,16366,3240,0,0
riki,5.0,581,818,26718,10391,628,4085,0,0
monkey_king,4.4,569,709,28490,17640,4888,11110,2,1
muerta,3.0,367,367,13180,9776,1015,2752,0,1
crystal_maiden,30.0,406,509,12650,8765,564,1676,11,1
mirana,0.7,224,230,6885,16431,55,6453,3,3
ember_spirit,2.0,450,478,21162,18649,324,6565,1,0
disruptor,1.08,276,321,6953,16093,0,4288,7,3
magnataur,1.33,412,453,9778,19446,0,5943,0,0
bloodseeker,1.0,455,478,13024,24314,0,9434,1,1
sven,1.0,544,648,13515,14433,0,1337,0,0
pangolier,2.0,496,514,24938,13720,508,1812,1,1
doom_bringer,0.43,451,367,8492,18189,356,1183,0,0
crystal_maiden,1.12,219,340,10282,16170,210,1426,12,6
keeper_of_the_light,3.0,332,440,11434,9816,0,722,5,1
magnataur,5.0,563,697,9470,16921,4016,5154,0,0
storm_spirit,19.0,587,725,21028,7958,896,1006,1,2
alchemist,19.0,924,826,21057,18374,7288,2647,0,1
enchantress,4.25,367,493,12298,14035,1356,2682,5,6
lion,6.0,294,444,8475,11373,247,2921,11,2
sven,2.33,577,538,10841,17144,1077,4147,0,0
pangolier,1.0,470,576,11860,15861,0,5051,2,0
mars,1.5,412,491,8709,14649,824,6585,0,0
crystal_maiden,0.88,186,235,8776,11284,123,3117,4,0
skywrath_mage,1.29,216,279,7707,11691,0,3905,7,0
void_spirit,12.5,631,529,25335,10452,5973,7479,2,1
silencer,7.33,347,395,9461,6741,459,3837,12,1
keeper_of_the_light,23.0,345,458,12146,8266,643,4241,0,0
beastmaster,5.67,583,583,10141,12053,6111,6909,0,0
alchemist,7.5,867,848,13546,10381,7739,7325,0,0
mirana,31.0,447,572,11684,10112,1780,3580,0,8
void_spirit,16.0,625,728,28809,11902,7590,4367,0,2
underlord,7.33,549,621,13956,17261,5097,5282,0,1
sven,14.5,795,875,19834,21995,13598,10698,0,0
ancient_apparition,6.4,433,488,12318,10682,276,2335,0,3
chen,0.7,275,303,3364,14772,232,3865,0,1
crystal_maiden,0.82,252,275,7321,20456,0,4331,0,1
visage,2.2,371,453,14240,15116,1086,4435,0,1
alchemist,1.09,464,355,15356,30973,0,4987,0,0
medusa,1.5,627,645,31671,4417,474,7644,0,1
faceless_void,29.0,799,950,29452,15041,11051,5430,0,0
void_spirit,36.0,608,685,34473,17899,8455,6967,3,0
legion_commander,15.5,539,740,18754,23076,4047,7710,0,0
rubick,7.25,395,580,17029,12988,280,4234,8,5
silencer,5.83,387,514,14207,10029,513,2447,7,3
lone_druid,0.71,547,646,11735,21219,1309,4698,0,0
dragon_knight,1.83,549,647,29021,25619,1120,11562,0,0
magnataur,1.11,422,499,13150,25629,204,10929,0,0
batrider,0.92,337,419,14390,25762,31,10794,5,2
crystal_maiden,0.7,236,308,10737,15686,0,4396,13,7
queenofpain,2.33,496,549,22760,23666,26,5647,2,0
windrunner,0.91,355,338,12264,23501,515,7169,1,0
brewmaster,0.67,358,372,8763,28162,169,10727,0,0
oracle,1.09,216,209,6247,20277,0,5191,6,0
earth_spirit,1.18,252,241,12572,21145,0,4730,2,0
medusa,12.0,716,791,24497,1694,9390,4642,0,1
crystal_maiden,4.0,372,520,14340,12111,769,4693,10,1
monkey_king,8.25,433,656,16214,11865,667,6801,2,0
legion_commander,13.33,669,779,36667,19056,6627,7416,0,0
void_spirit,10.33,566,589,25033,17880,4402,16248,2,0
crystal_maiden,1.18,312,475,15626,27218,0,3683,15,5
rubick,1.75,353,523,15302,22240,0,10639,4,5
doom_bringer,1.0,495,485,14265,30038,0,9231,0,0
faceless_void,4.0,605,760,20359,29738,0,6682,0,0
storm_spirit,4.0,506,623,28707,29838,741,14846,2,2
bloodseeker,6.25,746,756,31196,26815,18195,9176,0,0
queenofpain,5.0,747,802,43621,21293,5502,8148,2,2
bounty_hunter,6.5,543,688,15546,17866,2566,7057,1,1
techies,8.0,408,577,33150,11407,2503,3765,7,10
lich,4.57,373,475,15559,16878,0,2373,11,6
enchantress,1.11,289,251,5699,27486,2379,13434,7,6
phantom_lancer,1.6,518,545,11336,27448,56,14678,0,0
monkey_king,0.89,391,414,13750,24445,19,8643,1,1
dark_seer,1.71,460,395,19033,23159,0,7989,0,0
windrunner,2.4,340,420,11940,16803,21,8101,5,1
venomancer,3.29,441,437,17814,11954,1636,3350,2,2
brewmaster,22.0,489,568,14026,8390,4000,3369,6,1
invoker,31.0,666,715,34356,11160,11750,2417,2,0
alchemist,26.0,937,739,37029,14529,10340,3941,0,1
crystal_maiden,4.33,360,342,16116,15725,131,3081,10,3
slark,0.6,573,697,18985,31551,0,7469,0,1
winter_wyvern,0.9,425,474,39468,22128,0,6038,0,0
dark_seer,1.57,395,432,21484,27588,0,11852,0,0
rattletrap,0.69,263,288,19494,27873,0,9516,0,2
chen,0.7,230,195,5700,17861,0,4313,0,1
enchantress,10.5,434,448,16702,5650,5818,1503,0,1
void_spirit,17.5,684,801,53809,28411,2726,14234,0,1
underlord,12.0,625,676,28551,16610,2202,7987,0,0
meepo,10.5,730,935,15655,44064,17541,14426,0,2
crystal_maiden,7.2,363,382,12284,10404,299,3886,0,8
void_spirit,3.38,521,565,20360,30639,5894,12560,0,0
lich,4.25,437,605,14209,16329,497,1970,13,5
monkey_king,11.33,794,938,36091,25367,16938,7048,2,0
queenofpain,6.33,722,827,37717,19175,6422,3548,1,0
skywrath_mage,7.2,387,620,21898,14604,613,5475,1,0
crystal_maiden,1.25,293,378,14383,27644,0,11208,7,6
techies,1.25,403,496,20685,20431,1523,6901,7,3
windrunner,3.14,592,781,29714,29114,635,10014,0,0
enigma,1.08,460,439,23145,23720,2040,7493,0,1
legion_commander,1.1,397,510,18187,29366,49,6970,2,0
silencer,4.0,336,443,11593,8130,167,2399,7,1
chaos_knight,4.0,636,668,10176,7336,2876,3153,0,0
ember_spirit,11.5,562,696,19913,10134,329,4899,2,1
rubick,23.0,371,504,12309,5587,221,4009,1,2
spirit_breaker,9.0,481,536,8179,9511,1084,5476,0,0
troll_warlord,0.33,446,487,4430,8049,89,2423,0,0
clinkz,1.25,267,321,9615,10281,109,5094,3,2
void_spirit,0.6,381,441,7699,15056,0,7536,2,0
crystal_maiden,0.9,240,272,10569,11981,0,3651,3,0
magnataur,1.2,471,642,8385,16803,234,9168,0,0
alchemist,12.5,882,779,21300,22164,17470,6373,0,2
tidehunter,9.0,526,561,12145,19291,3355,10078,0,0
ember_spirit,8.5,721,825,48461,17885,4373,7867,1,0
undying,12.0,392,474,11825,16126,1733,7197,6,2
skywrath_mage,16.5,388,519,18771,8784,962,2875,10,3
terrorblade,3.5,645,628,20021,19824,563,5271,0,1
legion_commander,1.71,493,542,20470,29287,796,2424,2,0
shredder,1.17,514,575,24291,26491,330,7852,0,1
rubick,0.29,222,281,10797,19010,225,4596,2,1
crystal_maiden,0.33,229,259,8671,17890,20,4618,11,4
crystal_maiden,1.12,232,204,15859,16763,187,5420,7,6
venomancer,1.17,380,365,24401,14874,1018,1683,1,0
shadow_shaman,0.88,245,273,10047,14027,92,2421,4,1
shredder,0.75,474,599,12695,26155,193,4298,0,0
muerta,0.83,336,386,11072,16369,57,7201,0,0
oracle,11.0,379,363,7921,6949,355,3170,10,6
bounty_hunter,31.0,753,619,20292,16643,2156,19437,2,0
death_prophet,9.5,591,655,17292,16443,5938,7676,0,0
ogre_magi,6.75,409,420,16370,16008,518,8004,1,3
nevermore,10.0,878,796,26313,18031,25731,8348,1,0
lich,6.83,429,502,15162,16325,1034,3136,16,3
batrider,40.0,749,862,30876,20893,1739,7463,0,2
tinker,9.5,850,958,44782,8252,174,4167,2,1
bloodseeker,5.4,694,721,28226,21334,19170,6388,0,2
bounty_hunter,6.0,498,573,10161,15875,1766,6412,3,6
underlord,1.27,444,458,14274,28678,516,14397,15,1
void_spirit,1.5,516,602,15409,24754,1341,13478,2,1
rubick,1.17,265,235,10668,17711,44,5944,0,0
crystal_maiden,1.0,257,248,9954,17645,0,10083,13,3
alchemist,2.5,703,625,32374,40419,1055,17691,0,0
templar_assassin,14.5,894,890,59078,12148,25793,6076,0,0
invoker,12.5,514,593,19594,9749,4832,1690,0,0
underlord,9.67,502,548,14431,15324,2799,3208,0,0
earth_spirit,7.0,360,452,11882,16980,150,4280,0,3
crystal_maiden,17.0,359,482,19447,12304,1860,1453,0,1
chen,1.11,381,336,4162,16293,4893,5081,0,4
snapfire,1.5,478,503,18652,25955,65,8276,0,0
death_prophet,1.29,455,578,17357,26610,1105,11534,0,1
rattletrap,1.11,285,323,6662,24613,0,8885,0,3
ursa,1.29,635,772,19672,30961,22,18206,0,0
windrunner,3.0,537,570,14623,14970,1166,5515,0,0
ember_spirit,1.8,512,531,26198,18196,1552,7522,2,1
visage,1.22,432,431,12202,26369,982,11312,0,0
skywrath_mage,2.5,242,296,10215,14961,177,6372,5,3
crystal_maiden,1.5,252,259,7989,15061,76,5184,7,2
jakiro,3.6,289,465,8566,12263,3158,5610,6,2
terrorblade,7.33,736,647,28278,15202,12691,5730,0,2
ogre_magi,4.75,545,525,13522,21917,1045,7851,1,0
pangolier,13.0,591,683,23987,11363,1667,8030,2,1
enchantress,10.5,372,587,15204,10482,3626,6644,5,5
rubick,2.07,318,368,15800,23718,222,10191,0,6
nevermore,3.67,653,687,31493,26095,5055,9640,0,0
viper,4.0,599,687,36975,27903,1308,11531,0,2
mirana,5.67,387,563,27256,24033,413,12063,0,8
centaur,4.33,415,604,14683,36281,348,14159,0,0
crystal_maiden,1.67,346,520,15251,23065,214,6321,0,1
monkey_king,2.0,389,561,15147,25671,607,5538,0,3
visage,4.67,512,680,24410,21285,4342,4938,0,6
terrorblade,4.5,1033,753,50724,27819,12817,8367,0,2
death_prophet,3.25,586,711,32498,28367,1881,14256,0,2
doom_bringer,0.44,473,383,6404,15206,562,4482,0,0
phantom_lancer,1.0,433,438,4833,10854,36,5111,0,0
disruptor,2.75,230,217,4596,6846,0,2202,0,5
skywrath_mage,1.17,221,215,6808,8750,221,929,0,1
batrider,1.29,405,461,16273,15505,0,10105,0,0
pugna,7.33,357,411,10740,9192,555,3405,0,4
death_prophet,18.0,552,600,12390,7991,651,3952,0,0
bounty_hunter,2.83,338,320,5841,10330,0,4849,0,3
riki,11.5,518,795,17834,10084,0,7880,0,0
medusa,5.5,702,698,10356,1317,5166,2850,0,0
techies,2.0,249,388,9489,8237,610,1312,8,1
windrunner,1.0,461,526,8477,10282,881,2118,0,0
void_spirit,1.25,466,492,6798,16373,645,3064,2,0
clinkz,2.67,269,355,5685,7494,2306,3377,2,3
axe,1.25,455,512,8284,11552,116,4055,0,0
terrorblade,10.0,693,554,8149,5288,11441,4199,0,0
pangolier,13.0,579,693,16085,6181,880,636,2,0
magnataur,4.33,572,640,10462,14162,2875,2712,0,0
enchantress,7.5,386,423,12144,6517,2209,415,2,1
disruptor,7.0,320,333,7098,6585,35,4999,9,1
crystal_maiden,1.56,314,327,10543,13923,342,1362,13,6
puck,5.0,711,763,34843,16547,3325,2532,2,0
bounty_hunter,1.7,361,430,8909,21927,198,1012,6,4
furion,4.0,835,802,32059,18879,11326,996,0,3
doom_bringer,2.4,735,726,22741,20542,924,491,0,0
nevermore,2.88,759,728,42512,35481,13051,12361,0,0
storm_spirit,5.75,560,586,23148,16046,1014,3502,1,1
undying,12.0,485,537,8406,21024,307,6018,0,1
keeper_of_the_light,3.29,302,507,10924,14608,93,4927,7,5
disruptor,2.22,262,378,6828,21936,191,5471,13,3
bloodseeker,27.0,805,858,33324,22132,14989,8268,1,0
disruptor,5.0,344,558,9792,17833,677,4837,14,4
death_prophet,33.0,579,670,29431,22075,4927,11434,1,0
skywrath_mage,5.0,346,502,14662,11706,472,903,3,5
magnataur,26.0,587,741,15112,21449,2592,5942,0,0
bounty_hunter,1.67,239,318,6852,16354,0,7227,1,0
pugna,0.44,252,307,23062,24801,630,8736,14,2
queenofpain,1.67,491,475,45292,25856,85,12216,3,2
slark,1.0,536,625,6803,18581,0,9194,1,2
visage,1.33,487,611,13186,16729,2681,7496,0,2
luna,2.5,865,758,50670,43125,9168,14829,0,1
dragon_knight,3.0,595,698,28793,61107,7913,30857,1,4
shredder,3.5,535,717,38733,45259,1940,20868,0,3
batrider,2.0,314,471,14173,28409,437,15003,9,2
disruptor,1.62,298,472,9429,27017,107,7978,19,7
juggernaut,5.25,805,849,59275,50222,11183,9850,0,1
silencer,6.33,418,557,38758,16343,677,6272,21,4
storm_spirit,4.62,698,783,62279,34306,3168,9316,1,1
lion,3.12,364,522,15208,17406,20,5499,8,4
beastmaster,11.67,692,779,29397,23521,10942,7160,0,1
storm_spirit,7.67,511,721,35546,21032,0,4858,1,0
skywrath_mage,5.2,330,504,21747,16805,177,2676,12,3
phantom_lancer,2.14,616,604,15980,42927,7473,7514,0,0
dawnbreaker,3.14,382,475,13479,36199,366,6664,0,0
techies,1.4,323,435,23444,21294,1121,4417,9,2
windrunner,6.0,622,748,38766,31384,5779,12035,2,0
medusa,3.6,820,833,36262,4441,16867,8250,0,3
shredder,11.5,677,769,36472,34394,5848,10418,0,0
rubick,2.75,367,556,16000,18189,453,5887,5,1
disruptor,1.64,268,496,10757,21788,244,6812,16,2
disruptor,1.4,196,201,4578,7083,0,2022,8,2
visage,0.71,339,282,7988,12221,230,1187,0,0
void_spirit,1.75,394,383,6049,13242,0,648,1,0
spirit_breaker,1.5,196,254,5979,10763,0,1353,2,1
alchemist,0.57,601,567,8013,13660,0,2188,0,1
magnataur,19.0,543,525,12895,6919,1491,352,0,0
nevermore,6.5,734,676,14228,6056,9413,744,2,2
bounty_hunter,11.0,397,300,12007,7994,1578,701,3,2
oracle,4.67,329,330,4508,5567,194,257,4,2
chaos_knight,12.0,696,643,13331,6071,7612,1266,0,1
muerta,10.5,805,880,33280,14134,15925,4454,1,1
techies,4.0,362,488,19637,13766,1459,6128,0,1
beastmaster,5.25,594,682,14937,19126,3129,8141,0,0
crystal_maiden,2.11,314,369,10903,14950,299,4398,15,5
invoker,19.0,504,700,17269,10400,3613,5689,2,6
terrorblade,2.17,602,507,21325,23523,586,7162,0,0
queenofpain,1.67,516,535,23858,19803,1376,4422,2,2
doom_bringer,1.67,589,486,6983,23759,402,5115,0,0
rubick,2.67,281,444,11647,12821,319,5710,2,1
disruptor,3.0,225,374,8563,16120,206,3637,14,1
medusa,5.0,746,736,34029,4809,10310,1820,0,3
pangolier,2.0,532,718,24132,28806,0,2566,1,1
bane,1.55,265,412,10099,26536,90,464,12,2
winter_wyvern,3.4,401,572,28411,29465,458,1376,0,1
pudge,1.3,278,361,9819,21549,0,1322,9,3
morphling,24.0,832,855,36527,24292,21802,11576,0,1
tiny,5.0,542,728,37568,33127,2179,8816,0,0
doom_bringer,2.0,669,681,14433,24802,0,8329,0,0
keeper_of_the_light,6.25,437,718,16959,14690,74,3427,8,6
disruptor,5.0,300,532,5678,9393,33,4210,15,2
morphling,13.5,696,880,25997,11219,13088,3610,0,1
shadow_demon,3.38,390,472,9281,13835,96,4904,10,1
legion_commander,19.0,637,861,33154,21287,3764,5969,0,0
skywrath_mage,3.22,354,476,14008,13869,332,3915,3,1
snapfire,11.0,684,906,31456,13873,2310,2047,1,0
spirit_breaker,0.93,328,378,12583,23591,80,4878,5,0
queenofpain,1.6,462,533,19352,26344,664,4254,1,1
mars,2.0,501,567,18902,24063,355,5755,0,0
slark,0.8,386,449,13231,20667,0,4300,0,0
disruptor,1.9,298,359,10015,19231,354,4170,8,2
disruptor,2.0,241,312,5638,8270,181,1442,8,4
pangolier,1.67,496,544,8106,12493,1176,1269,2,0
snapfire,2.0,288,367,3205,8671,320,1915,5,3
broodmother,2.0,391,395,4347,8431,1911,939,0,0
juggernaut,0.25,615,671,7185,21430,1014,4900,0,0
medusa,10.0,801,808,21012,479,17820,313,0,0
shredder,12.0,651,737,13249,10131,2842,1023,1,1
shadow_demon,3.67,300,398,11656,4386,1983,152,6,5
beastmaster,13.0,588,576,6331,4909,8385,200,0,0
batrider,5.0,456,472,7047,8576,72,934,8,3
windrunner,1.88,484,539,20172,28398,852,6724,0,0
batrider,6.33,611,882,30350,34227,0,7499,2,0
spirit_breaker,4.17,452,616,11104,41315,0,12473,0,0
keeper_of_the_light,1.91,332,421,14816,25602,0,10243,3,3
disruptor,2.2,268,458,10026,26562,40,2749,10,5
venomancer,3.78,441,621,32571,20681,1315,4487,10,7
medusa,16.0,977,1046,71429,2736,20175,9328,0,0
pangolier,2.2,501,653,17449,25319,441,11621,2,0
magnataur,5.2,546,747,15493,23671,292,5641,0,0
rubick,4.5,393,689,19162,14061,163,3902,4,1
morphling,29.0,801,822,80645,51467,18547,31380,0,1
mars,3.6,470,620,36975,49225,1432,21920,1,2
windrunner,5.43,506,734,42863,37311,7420,30351,2,1
techies,2.31,464,601,46455,34020,970,18459,4,6
undying,3.6,324,535,19967,48211,329,20463,22,5
disruptor,2.77,361,565,17035,32329,765,7106,19,5
juggernaut,3.56,836,819,71780,66754,11412,16529,0,2
underlord,6.0,544,625,50998,43988,2566,11109,0,0
spirit_breaker,2.0,405,599,12353,43223,2408,11979,8,0
viper,4.86,761,639,68068,40611,5419,10292,2,1
bloodseeker,0.5,308,354,4902,17055,0,6224,0,0
void_spirit,2.5,395,424,6330,12782,203,3001,1,0
pudge,1.0,428,307,8023,20856,0,2802,0,0
skywrath_mage,0.8,218,243,8780,13055,0,2344,1,0
disruptor,1.33,273,348,7464,12397,0,2148,5,1
ogre_magi,6.33,307,371,4807,6352,266,3388,3,1
windrunner,25.0,644,619,25448,8101,3407,10088,0,0
pangolier,4.4,517,515,11761,12841,1562,8617,0,0
templar_assassin,8.0,680,589,17600,5269,2766,5072,1,2
enchantress,13.5,459,579,16529,2936,2319,1380,3,2
bloodseeker,0.88,531,598,23473,22102,0,2315,0,0
storm_spirit,2.75,429,461,19773,18340,0,1058,1,0
lycan,1.14,441,369,8334,22058,3265,1482,0,1
disruptor,1.22,215,305,11965,18060,78,788,9,2
ancient_apparition,1.75,282,294,14207,14060,0,1694,10,4
mirana,6.2,369,600,9392,12477,1413,4614,6,11
sven,26.0,912,853,38789,23053,14368,14094,0,1
void_spirit,19.0,619,791,22101,15140,3244,12865,0,0
doom_bringer,22.0,858,835,15649,11514,1319,12712,1,1
bounty_hunter,2.86,381,416,8689,14227,557,5920,12,4
morphling,4.67,626,874,16715,27193,1969,4431,0,0
storm_spirit,3.4,605,697,17415,24257,1562,6336,1,0
shredder,1.0,494,586,20715,35292,810,13836,0,0
disruptor,3.0,276,404,9853,14694,0,4055,11,3
spirit_breaker,2.0,374,613,6128,26643,0,3462,10,2
bloodseeker,25.0,715,747,40019,14563,7210,4358,0,0
pangolier,6.75,661,853,31273,10469,2847,3293,2,0
tidehunter,4.2,545,740,15143,24053,3963,4805,0,0
techies,3.29,418,619,28359,13385,2093,3880,6,4
lich,4.0,308,537,13285,8356,537,1337,13,7
legion_commander,2.36,533,660,49541,51032,3903,7571,0,0
skywrath_mage,3.22,354,545,25342,22445,927,3809,4,4
techies,3.33,426,620,33105,25085,2474,2662,21,6
medusa,15.5,1000,854,72093,2255,18816,8913,0,0
void_spirit,4.83,571,734,32245,41323,1330,5256,2,0
abaddon,6.4,727,707,49762,49838,9771,11412,0,0
puck,5.4,651,718,40014,38521,2223,5512,2,0
disruptor,1.77,278,433,8435,35557,76,5706,18,8
rattletrap,2.0,316,427,15438,40719,0,11255,7,4
shredder,3.75,532,622,28491,47691,836,13598,0,0
spirit_breaker,0.6,274,250,6464,9392,171,1518,7,1
bloodseeker,0.4,384,422,5160,11753,0,2225,0,0
windrunner,0.8,422,425,10896,8703,852,769,0,0
magnataur,0.29,416,466,6083,13123,0,2207,2,0
disruptor,0.33,204,205,6458,9888,0,1282,2,1
doom_bringer,7.5,431,521,7827,5940,461,2550,4,2
broodmother,11.0,593,590,12060,10179,10113,4485,2,1
undying,27.0,603,593,11561,9839,1049,2042,0,0
lich,25.0,429,509,14214,2770,273,863,4,1
morphling,7.0,558,585,7197,6333,3851,1803,0,0
rubick,1.33,280,339,9616,7129,0,1784,2,3
templar_assassin,0.75,569,636,11113,8903,3640,4385,2,0
juggernaut,3.0,513,554,7662,7102,461,4621,0,0
beastmaster,0.8,416,432,15676,9952,616,2754,0,1
disruptor,0.83,201,226,7216,12628,77,4165,8,3
void_spirit,15.0,628,531,16036,10106,13336,2451,0,0
witch_doctor,3.25,358,413,6038,9920,1608,779,8,5
bristleback,10.0,616,565,7413,14110,9432,3845,0,0
dark_willow,16.0,335,434,8505,8124,552,3410,5,2
magnataur,9.0,622,709,7722,9023,6451,1561,0,0
